<?xml version="1.0" encoding="UTF-8" standalone="yes"?>
<workbook xmlns="http://schemas.openxmlformats.org/spreadsheetml/2006/main" xmlns:r="http://schemas.openxmlformats.org/officeDocument/2006/relationships" xmlns:mc="http://schemas.openxmlformats.org/markup-compatibility/2006" mc:Ignorable="x15" xmlns:x15="http://schemas.microsoft.com/office/spreadsheetml/2010/11/main"><fileVersion appName="xl" lastEdited="6" lowestEdited="6" rupBuild="28702" /><workbookPr /><mc:AlternateContent xmlns:mc="http://schemas.openxmlformats.org/markup-compatibility/2006"><mc:Choice Requires="x15"><x15ac:absPath url="/Users/nicopatsch/Downloads/" xmlns:x15ac="http://schemas.microsoft.com/office/spreadsheetml/2010/11/ac" /></mc:Choice></mc:AlternateContent><bookViews><workbookView xWindow="940" yWindow="620" windowWidth="27860" windowHeight="17380" tabRatio="500" /></bookViews><sheets><sheet name="Feuil1" sheetId="1" r:id="rId1" /></sheets><calcPr calcId="0" concurrentCalc="0" /><extLst><ext uri="{79F54976-1DA5-4618-B147-4CDE4B953A38}" xmlns:x14="http://schemas.microsoft.com/office/spreadsheetml/2009/9/main"><x14:workbookPr defaultImageDpi="32767" /></ext><ext uri="{7523E5D3-25F3-A5E0-1632-64F254C22452}" xmlns:mx="http://schemas.microsoft.com/office/mac/excel/2008/main"><mx:ArchID Flags="2" /></ext><ext uri="GoogleSheetsCustomDataVersion1"><go:sheetsCustomData r:id="rId5" roundtripDataSignature="AMtx7mgajbA1sRpj4h647px0Becg4xhqcQ==" xmlns:go="http://customooxmlschemas.google.com/" /></ext></extLst></workbook>