<?xml version="1.0" encoding="UTF-8" standalone="yes"?>
<cp:coreProperties xmlns:cp="http://schemas.openxmlformats.org/package/2006/metadata/core-properties" xmlns:dc="http://purl.org/dc/elements/1.1/" xmlns:dcterms="http://purl.org/dc/terms/" xmlns:dcmitype="http://purl.org/dc/dcmitype/" xmlns:xsi="http://www.w3.org/2001/XMLSchema-instance"><dc:creator>Utilisateur Microsoft Office</dc:creator><cp:lastModifiedBy>Nicolas Patschkowski</cp:lastModifiedBy><dcterms:created xsi:type="dcterms:W3CDTF">2019-07-30T12:33:25Z</dcterms:created><dcterms:modified xsi:type="dcterms:W3CDTF">2021-04-01T10:36:20Z</dcterms:modified></cp:coreProperties>